{"cameraMode":{"drawMode":0,"name":"Shaded","section":"Shading Mode"},"sceneLighting":false,"audioPlay":false,"sceneViewState":{"m_AlwaysRefresh":false,"showFog":true,"showSkybox":false,"showFlares":true,"showImageEffects":true,"showParticleSystems":true,"showVisualEffectGraphs":true,"m_FxEnabled":true},"in2DMode":false,"pivot":{"x":154.27786254882813,"y":343.9292297363281,"z":106.10795593261719},"rotation":{"x":0.06252530217170716,"y":-0.24243822693824769,"z":0.01565682142972946,"w":0.9680286645889282},"size":116.9566879272461,"orthographic":false}