{"cameraMode":{"drawMode":0,"name":"Shaded","section":"Shading Mode"},"sceneLighting":false,"audioPlay":false,"sceneViewState":{"m_AlwaysRefresh":false,"showFog":true,"showSkybox":false,"showFlares":true,"showImageEffects":true,"showParticleSystems":true,"showVisualEffectGraphs":true,"m_FxEnabled":true},"in2DMode":false,"pivot":{"x":3.1664199829101564,"y":-0.15341107547283173,"z":-0.13043606281280518},"rotation":{"x":0.2714787423610687,"y":0.08360129594802857,"z":-0.023678353056311609,"w":0.9585144519805908},"size":5.576236724853516,"orthographic":false}