{"cameraMode":{"drawMode":0,"name":"Shaded","section":"Shading Mode"},"sceneLighting":false,"audioPlay":false,"sceneViewState":{"m_AlwaysRefresh":false,"showFog":true,"showSkybox":false,"showFlares":true,"showImageEffects":true,"showParticleSystems":true,"showVisualEffectGraphs":true,"m_FxEnabled":true},"in2DMode":false,"pivot":{"x":-1.9990743398666382,"y":0.21599987149238587,"z":-0.9985288381576538},"rotation":{"x":0.09576227515935898,"y":0.40415236353874209,"z":-0.04259262979030609,"w":0.9086673855781555},"size":0.08995499461889267,"orthographic":false}