{"cameraMode":{"drawMode":0,"name":"Shaded","section":"Shading Mode"},"sceneLighting":false,"audioPlay":false,"sceneViewState":{"m_AlwaysRefresh":false,"showFog":true,"showSkybox":false,"showFlares":true,"showImageEffects":true,"showParticleSystems":true,"showVisualEffectGraphs":true,"m_FxEnabled":true},"in2DMode":false,"pivot":{"x":0.03997275233268738,"y":1.8192853927612305,"z":0.003373861312866211},"rotation":{"x":0.17283084988594056,"y":0.13983623683452607,"z":-0.024796465411782266,"w":0.9746591448783875},"size":10.48155689239502,"orthographic":false}