{"cameraMode":{"drawMode":0,"name":"Shaded","section":"Shading Mode"},"sceneLighting":false,"audioPlay":false,"sceneViewState":{"m_AlwaysRefresh":false,"showFog":true,"showSkybox":false,"showFlares":true,"showImageEffects":true,"showParticleSystems":true,"showVisualEffectGraphs":true,"m_FxEnabled":true},"in2DMode":false,"pivot":{"x":5.299811363220215,"y":0.0007441043853759766,"z":0.3293170928955078},"rotation":{"x":0.2714787423610687,"y":0.08360129594802857,"z":-0.023678353056311609,"w":0.9585144519805908},"size":16.440462112426759,"orthographic":false}