{"cameraMode":{"drawMode":0,"name":"Shaded","section":"Shading Mode"},"sceneLighting":false,"audioPlay":false,"sceneViewState":{"m_AlwaysRefresh":false,"showFog":true,"showSkybox":false,"showFlares":true,"showImageEffects":true,"showParticleSystems":true,"showVisualEffectGraphs":true,"m_FxEnabled":true},"in2DMode":false,"pivot":{"x":-117.80000305175781,"y":2.0199999809265138,"z":-164.60000610351563},"rotation":{"x":-0.08359746634960175,"y":-4.423782229423523e-7,"z":-0.0000017209385987371207,"w":-0.9965012669563294},"size":4.723553657531738,"orthographic":true}