{"cameraMode":{"drawMode":0,"name":"Shaded","section":"Shading Mode"},"sceneLighting":false,"audioPlay":false,"sceneViewState":{"m_AlwaysRefresh":false,"showFog":true,"showSkybox":false,"showFlares":true,"showImageEffects":true,"showParticleSystems":true,"showVisualEffectGraphs":true,"m_FxEnabled":true},"in2DMode":false,"pivot":{"x":-3.811814069747925,"y":1.8034048080444337,"z":-0.8607171773910523},"rotation":{"x":0.057628802955150607,"y":0.44695547223091128,"z":-0.02886831760406494,"w":0.892235517501831},"size":2.1674013137817385,"orthographic":false}