{"cameraMode":{"drawMode":0,"name":"Shaded","section":"Shading Mode"},"sceneLighting":false,"audioPlay":false,"sceneViewState":{"m_AlwaysRefresh":false,"showFog":true,"showSkybox":false,"showFlares":true,"showImageEffects":true,"showParticleSystems":true,"showVisualEffectGraphs":true,"m_FxEnabled":true},"in2DMode":false,"pivot":{"x":-0.6766551733016968,"y":-0.6003113985061646,"z":1.8543212413787842},"rotation":{"x":0.16058866679668427,"y":-0.3165524899959564,"z":0.054467637091875079,"w":0.9332963228225708},"size":1.7738399505615235,"orthographic":false}