{"cameraMode":{"drawMode":0,"name":"Shaded","section":"Shading Mode"},"sceneLighting":true,"audioPlay":false,"sceneViewState":{"m_AlwaysRefresh":false,"showFog":true,"showSkybox":true,"showFlares":true,"showImageEffects":true,"showParticleSystems":true,"showVisualEffectGraphs":true,"m_FxEnabled":true},"in2DMode":false,"pivot":{"x":0.8047903776168823,"y":0.022651031613349916,"z":14.00542163848877},"rotation":{"x":0.0029994912911206486,"y":-0.019498497247695924,"z":0.00005852563481312245,"w":0.9998040199279785},"size":0.7148188352584839,"orthographic":false}